id,name,email,phone,address,date
12,pirmas,pirmas@skaitytojas.eu,880000000,"pirmas adresas","2022-04-01 09:00:00"
13,antras,antras@mail.com,880000000,"antras adresas","2022-04-01 12:00:00"
14,trecias,tracias@mail.com,880000000,"trecias adresas","2022-04-01 10:00:00"
15,ketvirtas,ketvirtas@mail.com,880000000,"ketvirtas adresas","2022-03-10 12:00:00"
16,penktas,penktas@mail.com,880000000,"penktas adresas","2022-03-10 15:00:00"
17,sestas,sestas@mail.com,880000000,"sestas adresas","2022-06-08 11:00:00"
18,septintas,septintas@mail.com,880000000,"septintas adresas update","2022-07-06 07:40:00"
19,astuntas,astuntas@mail.com,880000000,"astuntas adresas update","2022-08-08 08:30:00"
20,devintas,devintas@mail.com,880000000,"devintas adresas","2022-09-09 09:30:00"
21,desimtas,desimtas@mail.com,880000000,"desimtas adresas","2022-05-08 11:20:00"
22,vienuoliktas,vienuoliktas@mail.com,880000000,"vienuoliktas adresas","2022-06-09 12:30:00"
23,dvyliktas,dvyliktas@mail.com,880000000,"dvyliktas adresas","2022-06-06 12:40:00"
